,0_Strip_s0_000,0_Strip_s1_000,0_Strip_s3_000,0_Strip_s3_001,0_Strip_s4_000,0_Strip_s4_001,0_Strip_s4_002,1_Default_s1_000,1_Default_s1_001,1_Default_s1_002,1_Default_s1_003,1_Default_s1_004,1_Default_s1_005,1_Default_s1_006,1_Default_s1_007,1_Default_s1_008,1_Default_s1_009,1_Default_s1_010,1_Default_s2_000,1_Default_s3_000,1_Default_s3_001,1_Default_s3_002,1_Default_s3_003,1_Default_s3_004,1_Default_s3_005,1_Default_s3_006,1_Default_s3_007,1_Default_s3_008,1_Default_s3_009,1_Default_s3_010,1_Default_s3_011,1_Default_s3_012,1_Default_s3_013,1_Default_s3_014,1_Default_s3_015,1_Default_s3_016,1_Default_s3_017,1_Default_s3_018,1_Default_s3_019,1_Default_s3_020,1_Default_s3_021,1_Default_s4_000,1_Default_s4_001,1_Default_s4_002,1_Default_s4_003,1_Default_s4_004,1_Default_s4_005,1_Default_s4_006,1_Default_s4_007,2_Blotch_s1_000,2_Blotch_s1_001,2_Blotch_s1_002,2_Blotch_s1_003,2_Blotch_s1_004,2_Blotch_s1_005,2_Blotch_s1_006,2_Blotch_s1_007,2_Blotch_s1_008,2_Blotch_s3_000,2_Blotch_s3_001,2_Blotch_s3_002,2_Blotch_s3_003,2_Blotch_s3_004,2_Blotch_s3_005,2_Blotch_s3_006,2_Blotch_s3_007,2_Blotch_s3_008,2_Blotch_s3_009,2_Blotch_s4_000,2_Blotch_s4_001,3_Incomp_Disc_s1_000,3_Incomp_Disc_s1_001,3_Incomp_Disc_s1_002,3_Incomp_Disc_s1_003,3_Incomp_Disc_s1_004,3_Incomp_Disc_s3_000,3_Incomp_Disc_s3_001,3_Incomp_Disc_s3_002,3_Incomp_Disc_s3_003,3_Incomp_Disc_s3_004,3_Incomp_Disc_s4_000,5_Incomp_Donut_s3_000,7_Excavated_s1_000,7_Excavated_s3_000,7_Excavated_s3_001,7_Excavated_s3_002,7_Excavated_s3_003,7_Excavated_s4_000,7_Excavated_s4_001,
0_Strip_s0_000,0,0,0,0,0,0,0,7,0,0,1,0,0,0,0,0,0,0,7,0,0,0,1,0,0,0,0,0,0,0,1,0,0,0,0,0,0,0,0,0,0,0,0,0,0,0,0,0,0,0,0,0,0,0,0,0,0,0,2,1,0,0,0,0,0,0,0,0,0,1,0,0,0,0,0,0,0,0,0,0,0,2,0,0,0,0,0,0,0,
0_Strip_s1_000,0,0,1,0,0,0,0,3,0,0,0,1,1,0,1,0,0,1,19,0,0,0,0,0,0,0,0,1,0,0,0,0,0,0,0,0,0,0,0,0,0,0,1,0,0,1,0,0,0,1,0,0,0,1,0,0,0,0,17,0,0,0,0,0,0,0,0,1,0,0,0,0,1,0,0,0,0,0,0,0,0,1,0,2,0,0,0,1,0,
0_Strip_s3_000,2,0,0,0,0,0,0,5,0,1,0,0,0,0,0,0,0,0,6,1,0,1,0,0,0,0,0,1,1,0,0,0,0,1,0,0,0,0,0,0,0,1,0,0,0,0,0,1,0,0,0,0,0,0,0,0,0,0,4,2,0,0,0,0,0,1,0,0,0,0,0,0,0,0,0,0,0,0,0,0,0,2,0,1,1,0,0,0,0,
0_Strip_s3_001,0,3,1,0,0,1,0,11,1,0,0,0,1,0,0,0,0,0,14,0,2,0,0,1,0,0,0,1,0,1,0,0,0,0,0,1,0,0,0,1,0,0,0,0,0,1,0,0,0,0,1,0,0,1,1,0,0,0,12,2,1,0,0,0,0,0,0,0,1,0,1,1,0,0,0,0,0,0,1,0,0,0,1,2,0,0,0,0,0,
0_Strip_s4_000,0,1,0,0,0,0,0,0,0,0,0,0,2,0,0,0,0,0,10,0,0,0,0,0,0,0,0,0,0,0,0,0,0,0,0,0,0,0,0,0,0,0,0,0,0,0,0,0,0,0,0,0,0,0,0,0,0,0,10,0,0,0,0,0,0,0,0,0,0,0,0,0,0,1,0,0,0,0,0,0,0,0,0,0,0,0,0,0,0,
0_Strip_s4_001,0,0,0,0,0,0,1,2,0,0,0,0,0,0,0,1,0,0,4,0,0,0,0,0,0,0,0,0,0,0,0,0,0,0,0,0,0,0,0,0,0,0,0,0,0,0,0,0,0,0,0,0,0,0,0,0,0,0,4,0,0,0,0,0,0,0,0,0,0,0,0,0,0,0,0,0,0,0,0,0,0,1,0,0,0,0,0,0,0,
0_Strip_s4_002,0,0,0,0,0,0,0,0,1,0,0,0,0,0,0,0,0,0,4,0,0,0,0,0,0,0,0,0,0,0,0,0,0,0,0,0,0,0,0,0,0,0,0,0,0,0,0,0,0,0,0,0,0,0,0,0,0,0,4,0,0,0,0,0,0,0,0,0,0,0,0,0,0,0,0,0,0,0,0,0,0,0,0,0,0,0,0,0,0,
1_Default_s1_000,0,3,3,0,0,0,0,0,0,0,0,1,0,0,0,0,0,0,24,2,1,0,0,1,0,0,0,0,0,0,0,0,1,0,0,0,0,0,0,0,0,0,0,0,0,0,0,0,0,0,0,0,0,0,0,0,0,0,11,2,0,0,0,0,0,0,0,0,0,0,1,1,0,0,0,0,0,1,0,0,0,3,1,1,0,0,0,0,0,
1_Default_s1_001,0,2,0,0,0,0,0,3,0,0,0,0,0,0,0,0,0,0,13,0,0,1,0,0,0,0,0,1,0,2,0,0,0,0,0,0,1,0,1,1,0,1,0,0,0,0,0,0,0,1,0,1,0,0,0,0,1,0,13,0,0,0,0,0,0,0,0,0,0,0,1,0,0,0,0,0,0,0,0,0,0,2,0,1,0,0,0,0,0,
1_Default_s1_002,1,1,6,0,1,0,0,3,0,0,0,0,0,0,0,0,0,0,13,1,0,0,0,0,0,0,1,0,0,0,0,0,0,0,0,0,0,0,0,0,0,0,0,0,0,0,0,0,0,0,0,0,0,0,0,0,0,0,2,0,0,0,0,0,0,0,0,0,0,1,0,0,0,0,0,0,0,0,0,0,0,1,0,0,0,1,1,0,0,
1_Default_s1_003,1,0,0,1,1,0,0,3,0,0,0,0,0,0,0,0,0,0,7,0,1,0,0,0,1,0,0,0,0,0,0,0,0,0,0,0,0,0,0,0,0,0,0,0,0,0,0,0,0,0,0,0,0,0,0,0,0,0,7,1,0,0,0,0,0,0,0,0,0,0,0,0,0,0,1,0,1,0,0,0,0,2,1,0,0,0,0,0,0,
1_Default_s1_004,0,4,2,0,0,0,0,5,0,0,2,0,0,0,1,0,0,0,24,1,0,0,0,1,0,0,0,1,0,0,0,0,0,0,0,0,0,0,0,0,0,0,0,0,0,0,0,1,0,1,0,1,0,0,0,0,0,0,24,1,0,0,0,0,1,0,0,0,0,0,0,0,0,0,0,0,0,1,0,0,0,1,0,1,1,0,0,0,0,
1_Default_s1_005,1,8,2,0,2,0,0,5,0,1,0,0,0,0,0,0,0,0,23,1,0,1,0,0,1,0,0,0,0,0,0,0,0,0,0,0,0,0,0,0,0,0,0,0,0,0,0,0,0,1,0,0,1,0,0,0,0,0,22,1,1,1,0,0,0,0,0,0,0,0,0,0,0,0,0,0,0,0,0,0,0,0,0,1,0,0,0,0,0,
1_Default_s1_006,0,6,1,0,0,0,0,4,0,1,0,1,0,0,0,1,0,0,21,0,0,0,0,0,0,0,0,0,0,0,0,0,0,0,0,0,0,0,0,0,0,0,0,0,0,0,0,0,0,2,0,0,1,0,0,0,0,0,23,1,0,0,0,0,0,0,0,0,3,0,0,0,0,0,1,0,0,0,0,0,0,0,0,1,0,1,0,0,0,
1_Default_s1_007,1,3,1,0,0,0,0,4,0,0,3,1,0,0,0,0,0,0,24,1,0,0,0,0,0,0,1,1,1,0,0,0,0,0,0,0,0,0,0,0,0,0,0,0,0,0,1,0,0,0,0,1,1,0,0,1,0,1,24,1,0,0,0,0,0,0,0,0,0,0,0,1,0,0,0,0,0,0,0,0,0,1,0,1,0,0,0,0,1,
1_Default_s1_008,0,4,2,1,0,0,1,10,3,1,1,1,0,1,0,0,0,0,24,1,1,0,0,1,0,0,0,0,0,1,0,0,0,0,0,0,0,0,0,0,0,0,0,1,1,1,1,0,0,1,1,0,0,1,2,1,0,0,20,1,1,0,0,0,1,0,0,0,0,0,1,0,0,1,0,0,1,0,0,0,1,2,0,7,0,1,0,1,0,
1_Default_s1_009,1,9,1,1,2,1,0,8,0,2,1,1,1,0,0,0,0,0,24,1,1,1,1,0,0,0,0,0,0,1,0,0,0,0,1,0,0,0,1,0,0,0,0,0,0,0,0,0,0,0,1,0,0,0,0,1,0,0,24,2,1,0,0,0,1,1,0,0,0,0,0,1,0,0,0,1,0,0,1,0,0,2,1,4,1,0,0,1,0,
1_Default_s1_010,1,3,1,0,2,0,1,5,0,1,0,0,0,0,1,0,0,0,24,0,0,0,0,1,1,0,0,0,0,0,1,0,0,0,1,0,0,0,0,0,0,0,0,0,0,0,0,0,2,1,0,0,0,0,0,0,0,1,22,1,0,0,0,1,0,0,1,0,0,0,0,1,0,0,0,0,0,0,0,1,0,1,1,1,0,0,1,0,2,
1_Default_s2_000,0,0,1,0,0,0,0,0,0,0,0,0,0,0,0,0,0,0,0,1,0,0,0,0,0,0,0,0,0,0,0,0,0,0,0,0,0,0,0,0,0,0,0,0,0,0,0,0,0,0,0,0,0,0,0,0,0,0,11,0,0,0,0,0,0,0,0,0,0,0,0,0,0,0,0,0,0,0,0,0,0,0,0,0,0,0,0,0,0,
1_Default_s3_000,2,2,2,1,1,1,1,10,0,1,0,0,0,0,0,0,0,0,13,0,0,0,1,0,0,0,0,0,0,0,1,1,0,0,0,0,0,0,0,0,0,0,0,0,0,0,0,0,0,1,1,0,0,0,0,0,0,0,8,2,0,1,0,0,1,0,0,0,0,0,0,1,0,0,0,0,1,0,0,0,0,3,0,1,1,0,1,0,0,
1_Default_s3_001,2,3,0,1,1,1,0,8,0,0,0,0,0,0,0,0,0,0,10,1,0,0,0,0,0,0,1,0,0,0,0,0,0,0,0,0,0,0,0,0,1,0,0,0,0,0,1,0,0,1,0,0,0,0,0,0,0,0,6,0,0,1,0,0,0,0,0,0,0,1,0,0,0,0,0,0,0,1,0,0,0,3,0,3,1,0,0,0,0,
1_Default_s3_002,1,1,0,1,0,0,1,10,0,1,0,0,1,0,0,0,0,0,11,0,0,0,0,0,1,0,0,1,0,0,1,0,0,0,0,0,0,0,0,0,1,1,0,0,0,0,0,0,0,0,0,1,0,2,0,1,1,0,7,0,1,0,0,0,0,0,0,0,0,0,0,0,0,0,0,0,0,0,0,0,0,2,1,1,1,0,0,0,0,
1_Default_s3_003,1,3,5,1,0,1,0,16,0,3,0,0,1,1,0,1,0,0,24,1,1,1,0,0,0,0,0,0,0,1,0,0,0,1,0,1,0,0,1,0,0,0,0,0,0,1,0,0,1,0,6,0,1,0,0,0,0,0,14,2,0,0,0,0,0,1,0,1,0,0,1,1,0,0,0,1,0,0,0,0,0,3,1,2,1,1,0,2,0,
1_Default_s3_004,0,1,2,1,0,0,0,8,1,2,0,0,0,0,0,1,0,0,12,0,0,0,0,0,0,0,0,0,0,0,0,0,0,0,0,0,1,0,0,0,0,0,0,0,0,0,0,0,0,0,1,0,0,1,0,0,0,0,6,2,0,0,1,0,0,0,1,0,0,0,1,1,1,0,0,0,0,0,0,0,0,2,0,2,1,0,0,1,0,
1_Default_s3_005,2,2,2,4,0,0,1,22,0,1,1,0,1,0,0,0,0,0,24,2,0,1,0,0,0,0,1,0,0,1,1,1,1,1,0,0,0,1,0,0,0,0,1,0,0,0,0,1,0,1,0,0,1,0,0,0,1,0,13,2,0,1,0,0,1,1,0,0,0,0,0,0,0,1,0,0,0,0,0,1,0,5,0,2,2,0,1,1,0,
1_Default_s3_006,0,2,4,0,1,0,0,3,0,3,0,0,0,0,0,0,0,0,7,1,0,0,0,0,0,0,0,0,0,0,0,0,0,0,0,0,0,0,0,0,0,0,0,0,0,0,0,0,0,0,1,0,0,0,0,0,0,0,2,0,0,0,0,0,0,2,0,0,0,0,0,0,0,0,0,0,0,0,0,0,0,1,0,0,0,0,0,1,0,
1_Default_s3_007,2,0,0,0,0,0,0,11,1,0,0,0,0,0,0,0,0,0,11,2,0,0,0,0,1,0,0,0,0,1,0,0,0,0,0,0,0,0,0,0,0,0,0,0,0,0,0,0,0,0,0,0,0,1,0,0,0,0,4,0,0,0,1,0,0,0,0,0,0,0,0,0,1,0,0,0,0,0,0,0,0,3,0,0,0,1,0,0,0,
1_Default_s3_008,3,1,1,3,1,0,2,22,1,0,0,1,0,1,0,0,0,0,24,1,0,2,1,0,1,0,0,0,1,0,1,0,0,0,0,0,0,0,1,0,0,0,0,0,0,0,1,1,0,1,0,0,0,1,0,0,0,0,13,1,1,1,1,0,1,0,0,0,0,0,1,0,0,0,0,0,1,0,1,0,0,5,0,1,0,1,0,0,0,
1_Default_s3_009,2,0,2,0,0,0,0,9,0,0,0,0,0,0,0,0,0,0,9,0,0,1,0,0,1,0,1,1,0,0,0,0,0,0,0,0,0,0,0,0,0,0,0,0,0,0,0,0,0,0,0,0,0,1,0,0,0,0,3,0,0,0,1,0,0,0,0,0,0,1,0,0,1,0,0,1,1,0,0,0,0,3,0,0,2,0,1,0,0,
1_Default_s3_010,0,2,0,0,0,0,0,0,3,0,0,0,0,0,0,0,1,0,8,0,0,0,0,0,0,0,0,0,0,0,0,0,0,0,0,0,0,0,0,0,0,0,0,0,0,0,0,0,0,0,0,0,0,0,1,0,0,0,8,0,0,0,0,1,0,0,0,0,0,0,0,0,0,0,0,0,0,0,1,0,0,0,0,2,0,0,0,0,0,
1_Default_s3_011,1,3,1,0,1,1,0,10,0,2,0,0,0,0,0,0,0,1,11,1,0,0,0,0,0,1,0,0,0,0,0,0,0,0,0,0,0,0,0,0,0,0,0,0,0,0,1,0,0,0,0,0,0,0,0,0,0,0,7,4,0,0,0,1,0,0,1,0,0,0,0,1,0,0,0,0,0,0,0,0,0,1,1,1,0,0,2,0,0,
1_Default_s3_012,1,3,3,3,0,1,0,21,1,1,1,0,1,0,0,0,0,0,24,1,2,0,1,0,1,0,0,0,0,0,1,0,1,0,0,0,0,0,0,0,0,0,0,0,0,1,1,1,0,0,0,0,1,0,1,0,0,0,15,4,0,0,0,0,3,1,1,0,0,0,0,0,0,1,0,0,0,1,1,0,0,4,0,3,2,0,1,0,1,
1_Default_s3_013,0,5,3,4,0,0,1,19,2,0,0,0,0,0,0,1,0,1,24,1,4,0,0,0,1,0,0,0,0,0,1,1,0,0,0,1,0,0,0,0,0,1,0,0,0,1,0,0,0,1,1,0,0,0,2,0,0,0,16,3,0,0,1,0,3,0,0,0,0,0,1,1,0,0,1,0,0,1,0,0,1,3,1,5,1,0,0,1,0,
1_Default_s3_014,2,4,3,4,1,0,0,22,0,1,0,0,0,0,0,0,1,0,24,2,4,1,1,0,1,0,1,0,1,0,0,1,0,0,0,1,0,0,0,0,0,0,0,0,0,0,0,2,0,1,1,0,0,1,0,0,0,0,14,6,0,1,0,0,1,0,0,1,1,0,0,1,0,0,0,0,0,2,0,0,0,4,1,2,1,0,1,1,0,
1_Default_s3_015,1,4,2,1,0,2,0,4,0,2,1,0,0,0,1,0,1,1,24,1,0,0,0,1,0,1,0,0,0,0,1,0,0,0,0,0,0,0,0,1,0,0,0,0,0,0,0,0,0,0,0,2,0,0,0,0,0,0,23,1,0,0,0,1,0,1,0,0,0,1,0,0,0,0,1,0,0,0,0,0,0,0,0,2,0,0,0,0,1,
1_Default_s3_016,3,4,2,6,0,0,1,22,1,1,0,0,0,0,0,0,0,0,24,1,1,1,1,0,0,0,0,1,0,0,0,2,1,1,0,0,0,1,0,0,0,0,0,0,0,0,1,1,0,0,1,1,0,0,1,0,1,0,16,3,1,0,0,1,3,0,0,0,1,0,1,1,0,0,0,0,0,0,0,0,0,4,1,2,1,0,0,1,0,
1_Default_s3_017,0,5,2,1,2,2,0,7,2,0,0,0,0,1,0,0,0,0,24,1,1,0,0,1,0,1,0,1,0,1,0,0,0,0,0,0,0,0,1,0,0,0,0,1,0,0,0,0,0,2,1,1,0,0,0,0,0,0,24,1,0,0,0,0,0,0,0,0,0,1,10,0,0,0,0,1,0,0,0,0,0,2,0,3,0,1,0,0,1,
1_Default_s3_018,0,2,1,4,0,1,1,18,1,0,0,0,0,0,0,0,0,0,24,1,1,1,0,1,2,1,0,2,0,1,0,0,0,0,0,0,0,0,0,0,0,0,1,0,1,0,0,1,0,0,1,0,0,2,0,0,0,0,15,2,0,1,1,0,1,0,0,0,0,0,1,1,1,0,0,1,0,0,0,0,1,5,1,2,0,0,0,1,0,
1_Default_s3_019,0,1,1,1,1,0,0,10,2,0,1,1,0,0,0,0,1,0,24,0,1,1,1,0,0,0,0,1,0,1,0,0,0,0,0,0,1,0,0,2,0,0,0,0,0,0,0,0,0,1,1,0,0,0,0,0,0,1,23,2,1,1,1,0,0,0,0,0,0,0,1,1,1,0,0,0,0,0,0,0,0,3,1,1,1,1,0,0,0,
1_Default_s3_020,0,2,1,1,0,0,0,8,2,0,0,0,0,0,1,0,0,0,24,1,1,1,0,0,0,0,0,0,0,0,1,0,0,0,1,0,0,0,1,0,0,0,0,0,0,0,1,0,0,0,1,0,0,1,0,0,1,0,22,1,1,0,1,0,0,0,0,0,0,0,0,1,0,0,0,0,0,0,0,0,0,3,0,2,1,1,0,0,1,
1_Default_s3_021,4,2,2,5,1,0,0,24,1,1,0,0,0,0,0,0,0,0,24,2,1,1,0,0,2,1,1,1,1,0,1,1,0,0,0,0,0,0,0,0,0,1,0,0,0,0,0,1,1,0,1,1,0,0,0,1,0,0,13,3,1,2,1,1,1,0,0,0,0,0,1,1,1,0,0,0,0,0,0,0,0,5,0,2,9,1,1,1,0,
1_Default_s4_000,0,1,0,0,0,0,0,2,0,0,0,0,0,0,0,0,0,0,2,0,0,0,0,0,0,0,0,0,0,0,0,0,0,0,0,0,0,0,0,0,0,0,0,0,0,0,0,0,0,0,0,0,0,1,0,0,0,0,2,0,0,0,0,0,0,0,0,0,0,0,0,0,0,0,0,0,0,0,0,0,0,0,0,1,0,0,0,0,0,
1_Default_s4_001,0,0,1,0,0,0,0,1,0,0,0,0,0,0,0,0,0,0,2,0,0,0,0,0,0,0,0,0,0,0,0,0,0,0,0,0,0,0,0,0,0,0,0,0,1,0,0,0,0,1,1,0,0,0,0,0,0,0,2,0,0,0,0,0,0,0,1,0,0,0,0,0,0,0,0,0,0,0,0,0,0,0,0,1,0,0,0,0,0,
1_Default_s4_002,0,0,0,0,0,0,0,0,0,0,0,0,0,0,0,0,0,0,7,0,0,0,0,0,0,0,0,0,0,0,0,0,0,0,0,0,0,0,0,0,0,0,0,0,1,0,0,0,0,0,0,0,0,0,0,0,0,0,7,0,0,0,1,0,0,0,0,0,0,0,0,0,0,0,0,0,0,0,0,0,0,0,0,0,0,0,0,0,0,
1_Default_s4_003,0,4,1,0,2,0,0,5,0,0,1,1,0,1,0,0,0,0,21,1,0,0,0,0,0,0,0,0,0,0,0,0,0,0,0,0,0,0,0,0,0,0,0,1,0,0,0,0,0,4,0,0,0,0,0,0,0,1,24,1,0,0,1,0,0,0,0,1,1,0,1,0,0,0,0,0,0,0,0,0,0,2,0,1,0,0,0,0,0,
1_Default_s4_004,2,4,1,2,0,0,0,9,3,0,0,0,0,0,0,2,0,0,24,1,1,0,1,0,1,0,0,0,0,0,0,1,1,0,0,0,0,0,0,0,0,0,0,0,0,0,0,0,0,1,1,1,0,1,1,0,0,0,24,1,1,0,0,0,0,0,0,0,1,0,1,0,0,0,0,0,0,0,1,0,1,3,1,5,1,0,1,0,0,
1_Default_s4_005,1,9,1,1,1,1,1,7,1,1,0,0,0,0,1,1,0,0,24,1,1,0,0,0,1,0,1,1,0,0,1,0,0,0,0,1,0,0,0,0,0,0,1,0,0,0,0,0,1,1,1,0,0,0,2,0,0,1,21,1,0,1,0,0,0,0,0,0,0,0,0,1,0,1,0,0,0,0,1,0,1,3,0,12,1,0,0,0,1,
1_Default_s4_006,2,3,3,2,1,0,0,22,1,1,0,1,0,0,0,1,0,0,24,1,3,1,1,0,0,1,1,1,1,0,1,1,0,1,0,0,0,1,0,0,0,1,1,1,0,0,0,0,0,1,1,0,0,1,1,0,0,0,14,7,0,1,0,1,1,0,0,0,1,0,0,1,0,0,0,0,1,2,0,0,1,3,0,2,2,0,0,1,0,
1_Default_s4_007,0,3,2,0,1,1,0,4,0,1,0,1,0,0,0,0,0,1,14,0,0,0,0,1,0,0,0,0,0,0,0,0,0,0,0,0,0,0,0,0,1,0,0,0,0,0,1,0,0,1,1,1,1,0,0,0,0,1,16,1,0,0,0,1,1,0,0,0,0,0,0,0,0,0,0,1,0,0,1,0,0,2,0,0,0,1,0,1,0,
2_Blotch_s1_000,1,5,0,0,0,0,0,4,0,1,0,0,0,1,0,0,0,0,23,1,0,0,0,0,0,0,0,0,0,0,0,0,0,0,0,0,0,0,0,0,0,0,0,0,0,0,0,1,0,0,0,0,0,0,0,0,0,0,22,0,0,0,0,0,0,0,0,0,3,0,0,0,0,0,0,0,0,0,0,0,0,1,0,2,0,0,0,0,0,
2_Blotch_s1_001,0,3,2,1,1,0,0,13,1,2,0,0,1,0,0,0,0,0,24,1,2,0,2,1,0,0,1,0,1,0,1,0,0,0,0,0,0,1,0,0,0,0,0,0,0,0,1,1,0,0,0,1,0,0,0,0,0,1,15,4,0,0,1,1,0,0,0,0,0,1,0,1,1,1,0,1,1,0,0,0,0,1,0,2,1,0,1,2,0,
2_Blotch_s1_002,0,4,1,0,1,1,0,6,1,1,0,2,0,0,0,0,0,0,24,0,0,1,0,0,0,0,0,0,0,0,0,0,0,0,0,1,0,0,0,0,0,0,0,0,0,0,0,0,1,0,1,0,0,1,0,0,1,0,24,0,0,0,0,0,1,0,0,0,1,0,0,0,0,1,0,0,0,0,0,0,0,0,1,1,0,0,0,0,0,
2_Blotch_s1_003,0,1,2,0,1,0,0,1,0,1,0,1,1,1,0,0,0,0,7,0,0,0,0,0,0,0,0,0,0,0,0,0,0,0,0,0,0,0,0,0,0,0,0,0,0,0,0,0,0,0,0,1,0,0,0,0,0,0,7,0,0,0,0,0,0,0,0,0,0,0,0,0,0,0,0,0,0,0,0,0,0,0,0,0,0,0,0,1,0,
2_Blotch_s1_004,1,0,0,0,0,0,1,3,0,0,0,0,0,0,0,0,0,0,8,1,0,0,0,0,0,0,0,0,0,0,0,0,0,0,0,0,0,0,0,1,0,0,0,0,0,0,0,0,0,0,0,0,0,0,0,0,1,0,6,0,0,0,0,0,0,0,0,0,0,0,0,0,0,0,0,1,0,0,0,0,0,0,0,0,1,0,0,0,0,
2_Blotch_s1_005,0,0,2,0,0,0,1,1,2,1,0,0,0,0,0,0,0,0,6,0,0,0,0,0,0,0,0,0,0,0,0,0,0,0,0,0,0,0,0,0,0,0,0,0,0,0,0,0,0,0,0,0,0,0,0,0,0,0,6,1,0,0,0,0,0,0,0,0,0,0,0,0,0,0,0,1,0,0,0,0,0,0,0,4,0,0,0,0,0,
2_Blotch_s1_006,0,0,0,0,0,0,0,2,0,0,0,0,0,0,0,0,0,0,6,0,1,1,0,0,0,0,0,0,0,0,0,0,0,0,1,0,0,0,0,0,1,0,0,0,0,0,0,0,0,0,0,2,0,1,0,0,1,0,6,1,0,0,0,0,1,0,0,0,0,0,0,1,0,0,0,0,0,0,0,0,0,1,1,0,0,0,0,0,0,
2_Blotch_s1_007,1,1,1,0,1,0,1,5,1,0,0,0,0,0,0,0,0,0,19,1,0,1,0,0,1,0,1,0,0,1,0,0,0,0,0,1,0,0,0,0,0,1,0,0,0,0,0,1,0,0,0,1,0,0,0,0,0,0,21,1,1,0,1,0,1,0,0,0,0,0,0,0,1,0,0,0,1,0,0,1,1,2,1,1,0,1,0,0,0,
2_Blotch_s1_008,0,4,3,0,2,0,0,7,0,1,1,1,0,0,1,0,0,0,24,0,0,0,0,0,0,0,1,0,1,0,0,0,0,0,0,0,0,0,0,0,0,0,0,0,0,0,1,0,1,1,1,1,0,0,0,0,0,0,23,2,0,1,0,2,0,0,0,1,0,0,0,0,0,1,1,0,0,0,0,0,0,1,1,0,0,0,0,0,0,
2_Blotch_s3_000,1,0,2,2,0,0,0,5,0,1,0,0,0,0,0,0,0,0,8,0,0,0,0,0,0,1,0,0,1,0,1,0,0,0,0,0,0,0,0,0,0,0,0,0,0,0,0,0,0,0,0,0,0,0,0,0,0,0,0,1,0,1,0,0,0,0,0,0,0,0,0,0,0,0,0,0,1,0,0,0,0,2,0,1,0,0,0,0,0,
2_Blotch_s3_001,1,2,3,0,0,1,1,15,1,1,0,0,0,0,0,0,0,0,21,2,2,1,0,0,0,0,1,0,1,0,1,0,0,0,0,0,0,0,0,0,0,0,0,0,0,0,0,1,0,0,1,0,0,0,0,0,0,0,10,0,0,0,0,1,0,0,0,0,0,0,0,0,0,1,0,1,1,1,0,0,0,3,1,0,1,0,0,0,0,
2_Blotch_s3_002,0,1,0,1,0,0,0,7,0,0,0,0,1,0,0,0,0,0,12,0,0,1,0,0,0,0,0,1,0,0,0,0,0,0,0,0,0,0,0,0,0,1,0,0,0,0,0,0,0,0,0,0,0,0,1,0,0,0,9,0,0,0,0,0,0,0,0,0,0,0,0,0,0,0,0,0,0,0,0,0,1,2,0,0,0,1,0,0,0,
2_Blotch_s3_003,2,1,1,2,0,0,0,23,1,0,0,0,1,0,0,1,0,0,24,2,0,0,0,0,1,1,1,1,0,0,1,1,0,1,0,0,0,0,1,0,0,0,0,1,0,0,0,0,0,0,0,0,0,0,0,0,1,1,11,1,1,0,0,0,0,0,1,0,0,0,0,0,0,0,1,0,0,0,0,1,1,5,1,1,1,1,0,1,0,
2_Blotch_s3_004,0,0,0,0,0,0,0,4,0,0,0,0,0,0,0,0,0,0,8,0,0,0,0,0,0,0,0,0,0,0,0,0,0,0,0,0,0,0,0,0,0,1,0,0,0,0,0,0,0,0,0,0,0,0,0,0,1,0,5,0,3,0,0,0,0,0,0,0,0,0,0,0,1,0,0,0,0,0,0,0,0,3,0,0,0,0,0,0,0,
2_Blotch_s3_005,1,4,3,0,2,0,0,6,0,2,1,0,0,0,0,0,1,1,24,1,0,0,0,3,0,1,0,0,0,1,0,0,0,0,0,1,0,0,0,0,0,0,0,0,0,0,0,1,0,0,1,1,0,0,1,0,0,1,20,1,0,0,0,0,1,1,0,0,0,0,0,0,0,0,0,0,1,1,0,1,0,1,0,1,1,0,0,1,0,
2_Blotch_s3_006,0,0,1,0,0,0,2,7,1,1,0,0,0,0,0,1,0,0,8,0,1,1,0,0,0,0,0,0,0,1,0,0,0,0,0,1,0,0,0,0,0,0,0,1,0,0,0,0,0,0,0,0,0,0,0,0,1,0,6,2,0,0,0,0,0,0,0,0,0,0,0,0,0,0,0,0,0,0,0,0,0,0,0,0,0,0,0,0,0,
2_Blotch_s3_007,2,0,2,0,0,0,0,4,1,2,0,0,0,0,0,0,0,0,6,0,0,0,0,0,1,0,0,0,0,0,0,1,0,0,0,0,0,0,0,0,0,0,0,0,0,0,0,0,0,0,0,0,0,0,0,0,0,0,3,0,0,0,0,0,0,0,0,0,0,0,0,0,0,0,0,1,0,0,0,0,0,1,0,0,0,0,0,0,0,
2_Blotch_s3_008,1,0,5,0,0,0,0,5,1,3,0,0,0,0,0,0,0,0,11,0,0,0,2,0,1,1,1,1,0,0,1,0,0,0,0,0,0,0,0,0,0,0,0,0,0,0,0,0,0,0,1,0,0,0,0,0,1,0,3,2,1,0,0,0,0,0,0,0,0,0,0,1,0,0,0,1,0,1,0,0,0,2,0,1,0,0,0,0,0,
2_Blotch_s3_009,0,3,5,1,2,0,0,21,1,2,1,0,0,0,0,0,0,0,24,1,0,1,2,1,0,2,0,0,0,0,0,0,0,1,0,0,0,0,0,0,0,0,0,0,0,0,0,0,0,1,3,0,0,0,0,0,0,1,14,3,0,0,0,0,1,0,1,0,0,0,0,0,0,1,1,0,0,0,1,0,0,2,0,2,1,0,0,1,0,
2_Blotch_s4_000,0,1,1,0,0,0,0,0,0,0,0,0,0,0,0,0,0,0,2,0,0,0,1,0,0,0,0,0,0,0,0,0,0,0,0,0,0,0,0,0,0,0,0,0,0,0,0,0,0,0,1,0,0,0,0,0,0,0,4,0,0,0,0,0,0,0,0,0,0,0,0,0,0,0,0,0,0,0,0,0,0,0,1,0,0,0,0,0,0,
2_Blotch_s4_001,0,0,0,0,0,0,0,0,0,0,0,0,0,0,0,0,0,0,0,0,0,0,0,0,0,0,0,0,0,0,0,0,0,0,0,0,0,0,0,0,0,0,0,0,0,0,0,0,0,0,0,0,0,0,0,0,0,0,0,0,0,0,0,0,0,0,0,0,0,0,0,0,0,0,0,0,0,0,0,0,0,1,0,0,0,0,0,0,0,
3_Incomp_Disc_s1_000,0,4,0,0,0,0,0,2,0,0,0,0,0,0,1,0,0,0,7,0,0,0,1,1,0,1,0,0,0,0,0,0,0,0,0,0,0,0,0,0,0,0,1,0,0,0,0,0,0,0,1,1,0,0,0,0,0,0,6,0,0,0,0,0,0,0,0,0,0,0,0,0,0,0,0,0,0,0,0,0,0,0,0,1,0,0,0,0,0,
3_Incomp_Disc_s1_001,2,2,2,1,1,1,0,14,1,1,0,0,0,0,1,0,0,1,24,1,2,0,2,1,1,0,1,0,1,0,1,0,0,1,0,0,0,1,1,1,0,0,0,0,0,0,0,1,0,1,2,1,0,0,0,0,0,0,15,10,0,0,1,0,0,0,0,0,0,0,0,0,1,0,0,1,0,0,0,0,0,3,1,1,1,0,0,2,0,
3_Incomp_Disc_s1_002,1,1,1,1,0,0,2,3,0,1,0,0,0,0,0,0,0,0,11,0,0,1,0,1,1,0,0,1,0,0,0,0,0,0,0,0,0,0,0,0,1,0,0,0,0,1,0,0,0,0,1,0,0,1,0,0,1,0,10,1,0,0,2,0,0,0,0,0,0,0,0,1,0,0,0,0,0,0,1,0,0,0,0,1,0,0,0,0,0,
3_Incomp_Disc_s1_003,0,4,2,0,3,2,0,2,0,1,0,1,0,0,0,0,0,0,8,0,0,0,1,0,0,0,0,0,0,0,0,0,0,0,0,0,0,0,0,0,0,0,0,0,0,0,0,0,0,0,1,1,0,0,0,0,0,1,8,0,0,0,0,1,0,0,1,0,1,0,0,0,0,0,0,0,0,0,1,0,0,0,0,0,0,0,0,0,0,
3_Incomp_Disc_s1_004,0,1,3,1,0,0,0,5,1,1,0,0,0,0,0,0,0,0,8,0,1,0,0,1,0,1,0,1,0,0,0,0,1,0,0,0,0,0,0,0,0,0,0,0,0,0,0,0,0,0,0,0,0,0,1,0,0,0,6,1,1,0,0,0,0,0,0,0,0,0,0,0,0,0,0,0,0,0,0,0,0,0,1,1,0,0,0,1,0,
3_Incomp_Disc_s3_000,3,3,3,0,1,0,0,17,0,3,0,0,0,0,0,0,1,0,24,2,1,0,1,0,0,2,0,0,0,0,1,0,0,0,0,0,0,0,0,0,0,0,0,0,0,0,0,0,0,0,1,0,0,1,0,0,0,0,10,3,0,0,0,0,0,1,1,0,0,0,0,1,0,0,0,0,0,0,0,0,0,2,1,1,1,0,1,0,0,
3_Incomp_Disc_s3_001,0,0,0,0,0,0,0,8,0,0,0,0,0,0,0,0,0,0,8,0,0,0,0,0,0,0,0,0,0,0,0,0,0,0,0,0,0,0,0,0,0,1,0,0,0,0,0,0,0,0,0,0,0,0,0,0,1,0,4,0,2,1,0,0,0,0,0,0,0,0,0,0,0,0,0,0,0,0,0,0,1,4,0,0,0,0,0,0,0,
3_Incomp_Disc_s3_002,3,0,0,1,0,0,0,8,0,0,0,0,0,0,0,0,0,0,8,2,0,0,0,0,1,0,0,1,2,0,0,0,0,0,0,0,0,0,0,0,1,0,0,0,0,0,0,0,0,0,0,0,0,0,0,0,1,0,3,0,1,0,0,0,0,0,0,0,0,0,0,0,0,0,0,0,0,0,0,0,0,2,0,0,0,1,1,0,0,
3_Incomp_Disc_s3_003,1,4,2,0,0,1,0,4,0,0,0,0,0,0,0,0,0,0,8,0,0,0,0,0,0,0,0,0,0,0,0,0,0,0,0,0,0,0,0,0,0,0,0,1,0,0,0,0,0,2,1,0,0,0,0,0,0,0,8,1,0,0,0,0,0,0,0,1,0,0,1,1,0,0,0,0,0,1,0,0,0,0,0,0,0,0,0,0,0,
3_Incomp_Disc_s3_004,1,0,2,0,0,0,0,5,0,0,0,0,0,0,0,0,0,0,8,0,0,0,0,0,1,1,0,0,0,0,0,0,0,0,0,0,0,0,0,0,0,0,0,0,0,0,0,1,0,0,1,0,0,0,1,0,1,0,4,2,0,1,0,0,1,0,1,1,0,0,0,0,0,0,0,0,0,0,0,0,0,1,1,1,0,0,1,0,0,
3_Incomp_Disc_s4_000,0,0,0,0,0,0,0,0,0,0,0,0,0,0,0,0,0,0,0,0,0,0,0,0,0,0,0,0,0,0,0,0,0,0,0,0,0,0,0,0,0,0,0,0,0,0,0,0,0,0,0,0,0,0,0,0,0,0,0,0,0,0,0,0,0,0,0,0,0,0,0,0,0,0,0,0,0,0,0,0,0,0,0,0,0,0,0,0,0,
5_Incomp_Donut_s3_000,0,0,0,0,0,0,0,0,0,0,0,0,0,0,0,0,0,0,1,0,0,0,0,0,0,0,0,0,0,0,0,0,0,0,0,0,0,0,0,0,0,0,0,0,0,0,0,0,0,0,0,0,0,0,0,0,0,0,1,0,0,0,0,0,0,0,0,0,0,0,0,0,0,0,0,0,0,0,0,0,0,0,0,0,0,0,0,0,0,
7_Excavated_s1_000,1,1,1,0,0,0,0,5,1,2,0,0,0,0,0,0,0,0,8,1,0,1,0,0,0,0,0,0,0,0,0,0,0,0,0,1,0,0,0,0,0,0,0,0,0,0,0,0,0,0,0,0,0,0,1,0,1,0,7,2,0,0,0,0,1,0,0,0,0,0,0,1,0,0,0,1,0,0,0,0,0,0,0,2,0,0,0,0,0,
7_Excavated_s3_000,0,6,1,1,0,0,1,7,0,0,0,1,0,1,0,0,0,0,23,1,2,0,0,0,0,0,0,1,0,0,0,0,0,0,0,0,0,0,0,0,0,0,0,0,0,0,2,0,0,1,0,0,0,0,0,0,0,0,18,2,0,0,0,0,0,0,0,0,0,0,0,0,0,1,0,0,0,0,0,0,0,2,1,0,0,0,1,0,0,
7_Excavated_s3_001,1,0,0,3,0,0,0,10,0,0,0,0,0,0,0,0,0,0,10,1,0,0,0,0,0,0,0,0,0,0,0,0,0,0,0,0,0,0,0,0,0,0,0,1,0,1,0,0,0,0,0,0,0,0,0,0,0,0,3,0,0,1,0,0,0,0,0,0,0,0,1,0,0,0,0,0,0,0,0,0,0,5,0,1,0,0,0,0,0,
7_Excavated_s3_002,0,0,0,0,0,0,0,5,0,0,0,0,0,0,0,0,0,0,5,0,0,0,0,0,0,0,0,0,0,0,0,0,0,0,0,0,0,0,0,0,0,0,0,0,0,0,0,0,0,0,0,0,0,0,0,0,0,0,1,0,0,0,0,0,0,0,0,0,0,1,0,0,0,0,0,0,0,0,0,0,0,2,0,0,0,0,0,0,0,
7_Excavated_s3_003,3,0,0,0,0,0,0,6,0,0,0,0,0,0,0,0,0,0,8,2,0,0,0,0,1,0,1,0,1,0,0,0,0,0,0,0,0,0,0,0,1,0,0,0,0,0,0,0,0,0,0,0,0,0,0,0,0,0,2,0,0,1,0,0,0,0,0,0,0,0,0,0,0,0,0,0,0,0,0,0,0,1,0,0,2,0,0,0,0,
7_Excavated_s4_000,0,1,1,0,0,0,0,1,0,1,0,0,0,0,0,0,0,0,3,0,0,0,0,0,0,1,0,0,0,0,0,0,0,0,0,0,0,0,0,0,0,0,0,0,0,0,0,0,0,0,0,1,0,0,1,0,0,0,3,0,0,0,0,0,0,0,0,0,0,0,0,0,0,0,0,0,0,0,0,0,0,0,1,1,0,0,0,0,0,
7_Excavated_s4_001,0,2,0,0,1,0,0,0,0,0,0,0,0,0,0,0,0,0,2,0,0,0,0,0,0,0,0,0,0,0,0,0,0,0,0,0,0,0,0,0,0,0,0,0,0,0,0,0,0,0,0,0,0,0,0,0,0,0,2,0,0,0,0,0,0,0,0,0,1,0,0,0,0,0,0,0,0,0,0,0,0,0,0,0,0,0,0,0,0,
